[
	{
		"inputs": [
			{
				"internalType": "uint256",
				"name": "_index",
				"type": "uint256"
			}
		],
		"name": "getCSV",
		"outputs": [
			{
				"internalType": "uint256",
				"name": "",
				"type": "uint256"
			},
			{
				"internalType": "string",
				"name": "",
				"type": "string"
			},
			{
				"internalType": "string",
				"name": "",
				"type": "string"
			},
			{
				"internalType": "string",
				"name": "",
				"type": "string"
			}
		],
		"stateMutability": "view",
		"type": "function"
	},
	{
		"inputs": [],
		"name": "getCSVCount",
		"outputs": [
			{
				"internalType": "uint256",
				"name": "",
				"type": "uint256"
			}
		],
		"stateMutability": "view",
		"type": "function"
	},
	{
		"inputs": [
			{
				"internalType": "uint256",
				"name": "_id",
				"type": "uint256"
			},
			{
				"internalType": "string",
				"name": "_name",
				"type": "string"
			},
			{
				"internalType": "string",
				"name": "_time",
				"type": "string"
			},
			{
				"internalType": "string",
				"name": "_date",
				"type": "string"
			}
		],
		"name": "storeCSV",
		"outputs": [],
		"stateMutability": "nonpayable",
		"type": "function"
	}
]